<?xml version="1.0" encoding="UTF-8"?>
<project-private xmlns="http://www.netbeans.org/ns/project-private/1">
    <editor-bookmarks xmlns="http://www.netbeans.org/ns/editor-bookmarks/2" lastBookmarkId="0"/>
    <open-files xmlns="http://www.netbeans.org/ns/projectui-open-files/2">
        <group>
            <file>file:/C:/Users/User/Documents/NetBeansProjects/tugas2110010120/src/salary/tbljadwal.java</file>
            <file>file:/C:/Users/User/Documents/NetBeansProjects/tugas2110010120/src/forms/framejadwal.java</file>
            <file>file:/C:/Users/User/Documents/NetBeansProjects/tugas2110010120/src/dataset/dsadmin.java</file>
            <file>file:/C:/Users/User/Documents/NetBeansProjects/tugas2110010120/src/forms/frameposisi.java</file>
            <file>file:/C:/Users/User/Documents/NetBeansProjects/tugas2110010120/src/salary/tblposisi.java</file>
            <file>file:/C:/Users/User/Documents/NetBeansProjects/tugas2110010120/src/dataset/dsposisi.java</file>
            <file>file:/C:/Users/User/Documents/NetBeansProjects/tugas2110010120/src/forms/frameUtama.java</file>
            <file>file:/C:/Users/User/Documents/NetBeansProjects/tugas2110010120/src/pkg2110010120/Tugas2110010120.java</file>
            <file>file:/C:/Users/User/Documents/NetBeansProjects/tugas2110010120/src/forms/framelogin.java</file>
            <file>file:/C:/Users/User/Documents/NetBeansProjects/tugas2110010120/src/dataset/dslogin.java</file>
            <file>file:/C:/Users/User/Documents/NetBeansProjects/tugas2110010120/src/dataset/dspotongan.java</file>
            <file>file:/C:/Users/User/Documents/NetBeansProjects/tugas2110010120/src/forms/frameabsensipegawai.java</file>
            <file>file:/C:/Users/User/Documents/NetBeansProjects/tugas2110010120/src/salary/tbladmin.java</file>
            <file>file:/C:/Users/User/Documents/NetBeansProjects/tugas2110010120/src/salary/tblabsensipegawai.java</file>
            <file>file:/C:/Users/User/Documents/NetBeansProjects/tugas2110010120/src/forms/frameAdmin.java</file>
            <file>file:/C:/Users/User/Documents/NetBeansProjects/tugas2110010120/src/forms/framegaji.java</file>
            <file>file:/C:/Users/User/Documents/NetBeansProjects/tugas2110010120/src/dataset/dsjadwal.java</file>
            <file>file:/C:/Users/User/Documents/NetBeansProjects/tugas2110010120/src/forms/framepotongan.java</file>
            <file>file:/C:/Users/User/Documents/NetBeansProjects/tugas2110010120/src/salary/tblpotongan.java</file>
            <file>file:/C:/Users/User/Documents/NetBeansProjects/tugas2110010120/src/salary/tbldatapegawai.java</file>
            <file>file:/C:/Users/User/Documents/NetBeansProjects/tugas2110010120/src/dataset/dsabsensipegawai.java</file>
            <file>file:/C:/Users/User/Documents/NetBeansProjects/tugas2110010120/src/dataset/dsdatapegawai.java</file>
            <file>file:/C:/Users/User/Documents/NetBeansProjects/tugas2110010120/src/dataset/dsgaji.java</file>
        </group>
    </open-files>
</project-private>
